uo_lib;nom_court;type_d_etablissement;secteur_d_etablissement;url;coordonnees;lat;lon;element_wikidata;date_creation;dep_id;dep_nom;code_postal_uai;localite_acheminement_uai;pays_etranger_acheminement;inscrits_2022
Y SCHOOLS;Y SCHOOLS;École;privé;https://www,yschools,fr/;48,28417,4,07982;48.2841;4.07982;https://www,wikidata,org/entity/Q3117947;1992;D010;Aube;10000;Troyes;France;
Université de technologie de Troyes;;École;public;https://www,utt,fr/;48,26834,4,06794;48.2683;4.06794;https://www,wikidata,org/entity/Q1037208;16/09/1994;D010;Aube;10004;Troyes CEDEX;France;3196
Institut supérieur du bâtiment et des travaux publics;ISBA TP;École;privé;https://www,isba,fr/;50,646362,3,055673;50.6463;3.055673;https://www,wikidata,org/entity/Q60846049;1952;D013;Bouches-du-Rhône;13006;MARSEILLE;France;
Aix-Marseille Université;AMU;Université;public;https://www,univ-amu,fr/;43,2935,5,35781;43.2935;5.35781;https://www,wikidata,org/entity/Q2302586;01/01/2012;D013;Bouches-du-Rhône;13284;Marseille CEDEX 07;France;63950
Centrale Méditerranée;;École;public;https://www,centrale-mediterranee,fr/fr;43,34136,5,43829;43.3413;5.43829;https://www,wikidata,org/entity/Q273454;02/10/2003;D013;Bouches-du-Rhône;13451;Marseille CEDEX 13;France;1105
Sciences Po Aix;IEP d'Aix-en-Provence;Autre établissement;public;http://www,sciencespo-aix,fr/;43,53146,5,44663;43.5314;5.44663;https://www,wikidata,org/entity/Q1139065;31/03/1956;D013;Bouches-du-Rhône;13625;Aix-en-Provence CEDEX 1;France;1696
Ecole de l'air et de l'espace;;Grand établissement;public;https://www,ecole-air-espace,fr/;43,624652,5,111764;43.6246;5.111764;https://www,wikidata,org/entity/Q3577870;1935;D013;Bouches-du-Rhône;13661;SALON AIR CEDEX;France;
École supérieure d'arts et médias de Caen - Cherbourg;ÉSAM Caen/Cherbourg;École;public;http://www,esam-c2,fr/;49,180866,-0,346302;49.1808;-0.346302;https://www,wikidata,org/entity/Q3578397;2011;D014;Calvados;14000;CAEN;France;
Université de Caen Normandie;UNICAEN;Université;public;http://www,unicaen,fr/;49,18884,-0,36382;49.1888;-0.36382;https://www,wikidata,org/entity/Q568554;01/01/1971;D014;Calvados;14032;Caen CEDEX 5;France;29469
École nationale supérieure d'ingénieurs de Caen;ENSI Caen;École;public;http://www,ensicaen,fr/;49,21467,-0,36735;49.2146;-0.36735;https://www,wikidata,org/entity/Q3578208;1976;D014;Calvados;14050;Caen CEDEX 4;France;818
BUILDERS École d'ingénieurs;BUILDERS Caen;École;privé;https://builders-ingenieurs,fr/;49,2163,-0,366436;49.2163;-0.366436;https://www,wikidata,org/entity/Q3578414;1993;D014;Calvados;14610;Épron;France;
Excelia Group;Excelia;École;privé;https://www,excelia-group,com/;46,14069,-1,15616;46.1406;-1.15616;https://www,wikidata,org/entity/Q3578436;1988;D017;Charente-Maritime;17000;La Rochelle;France;
La Rochelle Université;Université La Rochelle;Université;public;https://www,univ-larochelle,fr/;46,14774,-1,15504;46.1477;-1.15504;https://www,wikidata,org/entity/Q1500822;22/01/1993;D017;Charente-Maritime;17031;La Rochelle;France;7702
EIGSI La Rochelle;;École;privé;http://www,eigsi,fr/;46,13977,-1,15462;46.1397;-1.15462;https://www,wikidata,org/entity/Q3577771;01/09/1990;D017;Charente-Maritime;17041;La Rochelle CEDEX 1;France;
Institut national des sciences appliquées Centre Val de Loire;INSA Centre Val de Loire;École;public;http://www,insa-centrevaldeloire,fr/;47,0821667774133,2,416074872016907;47.0821;2.4160748720169;https://www,wikidata,org/entity/Q15651478;01/01/2014;D018;Cher;18022;Bourges cedex;France;1759
Université de Corse Pasquale Paoli;Université Corse;Université;public;https://www,universita,corsica/fr/;42,30048,9,15328;42.3004;9.15328;https://www,wikidata,org/entity/Q335841;01/12/1975;D02B;Haute-Corse;20250;Corte;France;4130
Burgundy School of Business;;École;privé;https://www,bsb-education,com/;47,32806,5,04142;47.3280;5.04142;https://www,wikidata,org/entity/Q3578434;;D021;Côte-d'Or;21006;Dijon CEDEX;France;
Université de Bourgogne;;Université;public;http://www,u-bourgogne,fr/;47,31274,5,06637;47.3127;5.06637;https://www,wikidata,org/entity/Q287072;01/01/1971;D021;Côte-d'Or;21078;Dijon CEDEX;France;28183
Université de Franche-Comté;UFC;Université;public;https://www,univ-fcomte,fr/;47,24064863864678,6,022701859474183;47.2406;6.02270185947418;https://www,wikidata,org/entity/Q829449;01/01/1971;D025;Doubs;25030;Besançon Cedex;France;21103
École nationale supérieure de mécanique et des microtechniques;ENSMM Besançon;École;public;https://www,ens2m,fr/;47,25112,5,99307;47.2511;5.99307;https://www,wikidata,org/entity/Q3578235;1980;D025;Doubs;25030;Besançon CEDEX;France;759
École navale;;Grand établissement;public;https://www,ecole-navale,fr/;48,279263,-4,417857;48.2792;-4.417857;https://www,wikidata,org/entity/Q974394;1827;D029;Finistère;29200;Brest CEDEX 9;France;
Institut supérieur de l'électronique et du numérique de Brest;Yncréa Ouest;École;privé;https://isen-brest,fr/;48,407023,-4,495576;48.4070;-4.495576;https://www,wikidata,org/entity/Q51648617;01/09/1994;D029;Finistère;29200;Brest;France;
Université de Bretagne Occidentale;;Université;public;http://www,univ-brest,fr/;48,39803,-4,5077;48.3980;-4.5077;https://www,wikidata,org/entity/Q1857334;1969;D029;Finistère;29238;Brest CEDEX 3;France;23415
École nationale d'ingénieurs de Brest;;École;public;http://www,enib,fr/;48,3607,-4,56558;48.3607;-4.56558;https://www,wikidata,org/entity/Q273564;15/11/1961;D029;Finistère;29238;Brest CEDEX 3;France;760
Brest Business School;Brest BS;École;privé;https://brest-bs,com/;48,4059433199,-4,5215645694;48.4059;-4.5215645694;https://www,wikidata,org/entity/Q3578429;1962;D029;Finistère;29238;BREST CEDEX 2;France;
École nationale supérieure de techniques avancées Bretagne;ENSTA Bretagne;École;public;https://www,ensta-bretagne,fr/fr;48,418823,-4,472605;48.4188;-4.472605;https://www,wikidata,org/entity/Q3578240;1975;D029;Finistère;29806;BREST CEDEX 9;France;
Université de Nîmes;UNÎMES;Université;public;http://www,unimes,fr/;43,84274,4,35685;43.8427;4.35685;https://www,wikidata,org/entity/Q2496121;09/05/2007;D030;Gard;30021;Nîmes CEDEX 1;France;5393
Sciences Po Toulouse;IEP de Toulouse;Autre établissement;public;http://www,sciencespo-toulouse,fr/;43,605603,1,431672;43.6056;1.431672;https://www,wikidata,org/entity/Q1664755;04/05/1948;D031;Haute-Garonne;31000;Toulouse;France;1635
Université Toulouse Capitole;UT Capitole;Université;public;;43,606087,1,438184;43.6060;1.438184;;10/12/2022;D031;Haute-Garonne;31000;Toulouse cedex 9;France;18964
Toulouse INP;Toulouse INP;École;public;https://www,inp-toulouse,fr/;43,55539,1,50391;43.5553;1.50391;https://www,wikidata,org/entity/Q3152453;1969;D031;Haute-Garonne;31029;Toulouse CEDEX 4;France;4148
École nationale de l'aviation civile;ENAC;Grand établissement;public;https://www,enac,fr/fr;43,565904,1,480601;43.5659;1.480601;https://www,wikidata,org/entity/Q174335;28/08/1949;D031;Haute-Garonne;31055;Toulouse CEDEX 4;France;
Institut supérieur de l'aéronautique et de l'espace;ISAE-SUPAERO;Grand établissement;public;https://www,isae-supaero,fr/fr/;43,5656,1,47408;43.5656;1.47408;https://www,wikidata,org/entity/Q155446;27/09/2007;D031;Haute-Garonne;31055;Toulouse CEDEX 4;France;
École nationale de la météorologie;ENM;École;public;http://www,enm,meteo,fr/;43,57598,1,37422;43.5759;1.37422;https://www,wikidata,org/entity/Q3578126;1948;D031;Haute-Garonne;31057;Toulouse CEDEX 1;France;
Université Toulouse - Jean Jaurès;;Université;public;https://www,univ-tlse2,fr/;43,57954,1,40235;43.5795;1.40235;https://www,wikidata,org/entity/Q1933558;01/01/1971;D031;Haute-Garonne;31058;Toulouse CEDEX 9;France;29672
Université Toulouse III - Paul Sabatier;;Université;public;http://www,univ-tlse3,fr/;43,56287,1,46597;43.5628;1.46597;https://www,wikidata,org/entity/Q1273188;10/08/1970;D031;Haute-Garonne;31062;Toulouse CEDEX;France;28407
Institut catholique de Toulouse;;École;privé;https://www,ict-toulouse,fr/;43,59529,1,44233;43.5952;1.44233;https://www,wikidata,org/entity/Q1479987;1876;D031;Haute-Garonne;31068;Toulouse CEDEX 7;France;
Toulouse Business School;TBS;École;privé;https://www,tbs-education,fr/;43,610775,1,429964;43.6107;1.429964;https://www,wikidata,org/entity/Q3117393;1902;D031;Haute-Garonne;31068;TOULOUSE CEDEX 7;France;
École d'ingénieurs de Purpan;EI Purpan;École;privé;http://www,purpan,fr/;43,601838,1,400296;43.6018;1.400296;https://www,wikidata,org/entity/Q3577767;01/01/1919;D031;Haute-Garonne;31076;TOULOUSE CEDEX 3;France;
École nationale vétérinaire de Toulouse;;École;public;http://www,envt,fr/;43,6004,1,3819;43.6004;1.3819;https://www,wikidata,org/entity/Q3578275;1825;D031;Haute-Garonne;31076;Toulouse CEDEX 3;France;
Institut national des sciences appliquées de Toulouse;INSA de Toulouse;École;public;http://www,insa-toulouse,fr/;43,56960616644996,1,4677691459655764;43.5696;1.46776914596557;https://www,wikidata,org/entity/Q858979;29/11/1961;D031;Haute-Garonne;31077;Toulouse CEDEX 04;France;3077
École nationale supérieure d'architecture de Toulouse;ENSA Toulouse;École;public;http://www,toulouse,archi,fr/fr/index,html;43,579717,1,397345;43.5797;1.397345;https://www,wikidata,org/entity/Q3578191;;D031;Haute-Garonne;31106;TOULOUSE CEDEX 1;France;
École nationale supérieure de formation de l’enseignement agricole;;École;public;http://www,ensfea,fr/;43,534875,1,486908;43.5348;1.486908;https://www,wikidata,org/entity/Q3578119;;D031;Haute-Garonne;31326;CASTANET TOLOSAN CEDEX;France;
École nationale supérieure des sciences agronomiques de Bordeaux Aquitaine;Bordeaux Sciences Agro;École;public;https://www,agro-bordeaux,fr/;44,792718,-0,608576;44.7927;-0.608576;https://www,wikidata,org/entity/Q3578255;05/07/1963;D033;Gironde;33175;Gradignan CEDEX;France;
Université de Bordeaux;UBx;Université;public;https://www,u-bordeaux,fr/;44,809966,-0,596578;44.8099;-0.596578;https://www,wikidata,org/entity/Q13344;01/01/2014;D033;Gironde;33405;Talence CEDEX;France;45065
Bordeaux INP;;Grand établissement;public;https://www,ipb,fr/;44,80572,-0,60506;44.8057;-0.60506;https://www,wikidata,org/entity/Q3152470;01/04/2009;D033;Gironde;33405;Talence;France;2612
KEDGE Business School;KEDGE BS;École;privé;https://kedge,edu/;44,79622,-0,600218;44.7962;-0.600218;https://www,wikidata,org/entity/Q16647785;2013;D033;Gironde;33405;TALENCE CEDEX;France;
Université Bordeaux Montaigne;;Université;public;http://www,u-bordeaux-montaigne,fr/;44,8015,-0,615058;44.8015;-0.615058;https://www,wikidata,org/entity/Q13342;01/01/1971;D033;Gironde;33607;Pessac Cedex;France;14139
Sciences Po Bordeaux;IEP de Bordeaux;Autre établissement;public;https://www,sciencespobordeaux,fr/;44,79886,-0,61409;44.7988;-0.61409;https://www,wikidata,org/entity/Q1252062;06/05/1948;D033;Gironde;33607;Pessac CEDEX;France;2297
Université de Montpellier;;Université;public;https://www,umontpellier,fr;43,61494,3,87347;43.6149;3.87347;;21/09/2021;D034;Hérault;34090;Montpellier;France;45225
MBS;;École;privé;http://www,montpellier-bs,com/;43,621491,3,833542;43.6214;3.833542;https://www,wikidata,org/entity/Q3117571;1992;D034;Hérault;34185;MONTPELLIER CEDEX 4;France;
Université Paul-Valéry - Montpellier 3;;Université;public;https://www,univ-montp3,fr/;43,63279,3,86924;43.6327;3.86924;https://www,wikidata,org/entity/Q2912244;01/01/1971;D034;Hérault;34199;Montpellier CEDEX 5;France;20916
Université Rennes 2;Rennes II;Université;public;http://www,univ-rennes2,fr/;48,12064,-1,70333;48.1206;-1.70333;https://www,wikidata,org/entity/Q459026;01/01/1971;D035;Ille-et-Vilaine;35043;Rennes CEDEX;France;20936
Rennes School of Business;Rennes SB;École;privé;https://www,rennes-sb,fr/;48,127773,-1,69295;48.1277;-1.69295;https://www,wikidata,org/entity/Q3578440;1990;D035;Ille-et-Vilaine;35065;RENNES CEDEX;France;
Institut catholique de Rennes;;École;privé;https://www,icrennes,org/;48,04855,-1,74461;48.0485;-1.74461;https://www,wikidata,org/entity/Q3151862;1989;D035;Ille-et-Vilaine;35170;BRUZ;France;
ECAM Rennes Louis de Broglie;ECAM Rennes;École;privé;http://www,ecam-rennes,fr/;48,04692,-1,74357;48.0469;-1.74357;https://www,wikidata,org/entity/Q3045829;1991;D035;Ille-et-Vilaine;35170;Bruz;France;
Université de Rennes;UNIVRENNES;Université;public;https://www,univ-rennes,fr/;48,114339,-1,636424;48.1143;-1.636424;https://www,wikidata,org/entity/Q1987282;28/11/2022;D035;Ille-et-Vilaine;35700;Rennes;France;31759
Université de Tours;Université Tours;Université;public;https://www,univ-tours,fr/;47,38376,0,67367;47.3837;0.67367;https://www,wikidata,org/entity/Q494335;01/01/1971;D037;Indre-et-Loire;37020;Tours CEDEX 1;France;24394
Université Grenoble Alpes;;Grand établissement;public;https://www,univ-grenoble-alpes,fr/;45,19159,5,76726;45.1915;5.76726;https://www,wikidata,org/entity/Q945876;04/11/2019;D038;Isère;38400;Saint-Martin-d'Hères;France;52369
Université Jean Monnet;;Université;public;https://www,univ-st-etienne,fr/fr/index,html;45,42472,4,39264;45.4247;4.39264;https://www,wikidata,org/entity/Q623154;27/03/1969;D042;Loire;42023;Saint-Étienne CEDEX 2;France;16742
Nantes Université;;Université;public;https://www,univ-nantes,fr/;47,209413,-1,555908;47.2094;-1.555908;https://www,wikidata,org/entity/Q259388;04/10/2021;D044;Loire-Atlantique;44000;Nantes;France;41188
Audencia Business School;Audencia;École;privé;https://www,audencia,com/;47,20614754106199,-1,5749502182006836;47.2061;-1.57495021820068;https://www,wikidata,org/entity/Q1968395;1900;D044;Loire-Atlantique;44105;Nantes CEDEX 4;France;
École supérieure du bois;ESB Nantes;École;privé;https://www,ecoledubois,fr/;47,284,-1,514663;47.284;-1.514663;https://www,wikidata,org/entity/Q3578509;01/01/1934;D044;Loire-Atlantique;44306;NANTES CEDEX 3;France;
École nationale vétérinaire, agroalimentaire et de l'alimentation, Nantes-Atlantique;;Grand établissement;public;https://www,oniris-nantes,fr/;47,28936365193973,-1,5242886543273928;47.2893;-1.52428865432739;https://www,wikidata,org/entity/Q3578268;01/01/2010;D044;Loire-Atlantique;44307;Nantes CEDEX 03;France;
Université d'Orléans;;Université;public;https://www,univ-orleans,fr/fr;47,85065,1,93397;47.8506;1.93397;https://www,wikidata,org/entity/Q13334;01/01/1971;D045;Loiret;45067;Orléans CEDEX 2;France;17911
École d'ingénieur d'agro-développement international;ISTOM;École;privé;http://www,istom,fr/;47,4776,-0,60052;47.4776;-0.60052;https://www,wikidata,org/entity/Q3577763;1908;D049;Maine-et-Loire;49000;Angers;France;
École supérieure des sciences commerciales d'Angers;;École;privé;https://www,essca,fr/;47,47636,-0,60065;47.4763;-0.60065;https://www,wikidata,org/entity/Q3578499;01/01/1909;D049;Maine-et-Loire;49003;Angers CEDEX 01;France;
École supérieure d’agriculture;ESA;École;privé;https://www,groupe-esa,com/;47,458784,-0,543657;47.4587;-0.543657;https://www,wikidata,org/entity/Q3578375;1898;D049;Maine-et-Loire;49007;ANGERS CEDEX 01;France;
Facultés libres de l'Ouest;FLO;École;privé;https://www,uco,fr/fr;47,46273,-0,54616;47.4627;-0.54616;https://www,wikidata,org/entity/Q1476738;1875;D049;Maine-et-Loire;49008;Angers CEDEX 01;France;
Université d'Angers;;Université;public;https://www,univ-angers,fr/;47,47687,-0,549657;47.4768;-0.549657;https://www,wikidata,org/entity/Q1538727;01/01/1972;D049;Maine-et-Loire;49035;Angers CEDEX 1;France;24408
École supérieure d'électronique de l'Ouest;ESEO;École;privé;http://www,eseo,fr/;47,493396,-0,550804;47.4933;-0.550804;https://www,wikidata,org/entity/Q3578422;01/01/1956;D049;Maine-et-Loire;49107;Angers CEDEX 2;France;
École supérieure angevine en informatique et productique;ESAIP;École;privé;https://www,esaip,org/;47,46355710615347,-0,49745321273803716;47.4635;-0.497453212738037;https://www,wikidata,org/entity/Q3578372;1987;D049;Maine-et-Loire;49124;Saint-Barthélemy-d'Anjou;France;
Institut des relations publiques et de la communication d’Angers;Ircom;École;privé;http://www,ircom,fr/;47,44304,-0,53222;47.4430;-0.53222;https://www,wikidata,org/entity/Q74181405;1984;D049;Maine-et-Loire;49136;Les Ponts-de-Cé CEDEX;France;
Université de Reims Champagne-Ardenne;URCA;Université;public;https://www,univ-reims,fr/;49,23278,4,00825;49.2327;4.00825;https://www,wikidata,org/entity/Q2496149;01/01/1971;D051;Marne;51724;Reims CEDEX;France;23628
ICN Business School;;École;privé;https://www,icn-artem,com/;48,67419,6,17029;48.6741;6.17029;https://www,wikidata,org/entity/Q3146547;1905;D054;Meurthe-et-Moselle;54003;Nancy;France;
Université de Lorraine;;Grand établissement;public;http://www,univ-lorraine,fr/;48,69614438320864,6,176607012748719;48.6961;6.17660701274871;https://www,wikidata,org/entity/Q4173330;01/01/2012;D054;Meurthe-et-Moselle;54052;Nancy CEDEX;France;57871
Université Bretagne Sud;;Université;public;http://www,univ-ubs,fr/;47,74618,-3,39072;47.7461;-3.39072;https://www,wikidata,org/entity/Q1125958;07/02/1995;D056;Morbihan;56321;Lorient CEDEX;France;9549
École spéciale militaire de Saint-Cyr;ESM ST CYR;École;public;http://www,st-cyr,terre,defense,gouv,fr/;47,94619,-2,152742;47.9461;-2.152742;https://www,wikidata,org/entity/Q1132066;1802;D056;Morbihan;56380;GUER;France;
École supérieure d'ingénieurs des travaux de la construction de Metz;ESITC de Metz;École;privé;http://www,esitc-metz,com/;49,10042,6,21616;49.1004;6.21616;https://www,wikidata,org/entity/Q3578417;1992;D057;Moselle;57070;Metz;France;
Hautes études d'ingénieur;;École;privé;https://www,hei,fr/;50,633728,3,04502;50.6337;3.04502;https://www,wikidata,org/entity/Q3128626;1885;D059;Nord;59014;Lille CEDEX;France;
Institut catholique de Lille;;École;privé;http://www,univ-catholille,fr/;50,6330901906103,3,0467104911804204;50.6330;3.04671049118042;https://www,wikidata,org/entity/Q1477551;1973;D059;Nord;59016;Lille CEDEX;France;
Institut supérieur d'agriculture de Lille;ISA Lille;École;privé;http://www,isa-lille,fr/;50,63380812638809,3,046694397926331;50.6338;3.04669439792633;https://www,wikidata,org/entity/Q3117452;01/01/1963;D059;Nord;59046;Lille CEDEX;France;
Junia;;École;privé;https://www,junia,com/;50,63385,3,04665;50.6338;3.04665;;2013;D059;Nord;59046;Lille;France;
École des hautes études commerciales du nord;Edhec;École;privé;http://www,edhec,com/;50,67306,3,16605;50.6730;3.16605;https://www,wikidata,org/entity/Q769040;1906;D059;Nord;59057;Roubaix CEDEX 1;France;
Université Polytechnique Hauts-de-France;;Université;public;https://www,uphf,fr/;50,32622,3,51056;50.3262;3.51056;https://www,wikidata,org/entity/Q1548539;11/09/2019;D059;Nord;59313;Valenciennes CEDEX 9;France;12026
Université du Littoral Côte d’Opale;;Université;public;http://www,univ-littoral,fr/;51,039,2,37183;51.039;2.37183;https://www,wikidata,org/entity/Q3551755;15/11/1991;D059;Nord;59375;Dunkerque CEDEX;France;9413
Centrale Lille Institut;;École;public;https://centralelille,fr/;50,60648,3,13757;50.6064;3.13757;https://www,wikidata,org/entity/Q273461;1854;D059;Nord;59651;Villeneuve-d'Ascq CEDEX;France;2272
Skema Business School;Skema;École;privé;http://www,skema-bs,fr/;50,63642,3,07581;50.6364;3.07581;https://www,wikidata,org/entity/Q3486229;18/11/2009;D059;Nord;59777;Euralille;France;
Institut d'économie scientifique et de gestion;IÉSEG;École;privé;https://www,ieseg,fr/;50,63538,3,04488;50.6353;3.04488;https://www,wikidata,org/entity/Q3156522;1964;D059;Nord;59800;Lille;France;
Université de Lille;;Université;public;https://www,univ-lille,fr;50,631794,3,07526;50.6317;3.07526;;21/09/2021;D059;Nord;59800;Lille;France;74634
Institut polytechnique UniLaSalle;UniLaSalle;École;privé;https://www,unilasalle,fr/;49,45971,2,06792;49.4597;2.06792;https://www,wikidata,org/entity/Q3152468;01/09/2006;D060;Oise;60026;Beauvais CEDEX;France;
École supérieure de chimie organique et minérale;;École;privé;https://www,escom,fr/;49,40196,2,80246;49.4019;2.80246;https://www,wikidata,org/entity/Q3578426;21/06/1969;D060;Oise;60200;Compiègne;France;
Université de Technologie de Compiègne;;École;public;https://www,utc,fr/;49,40024,2,800108;49.4002;2.800108;https://www,wikidata,org/entity/Q622906;02/10/1972;D060;Oise;60203;Compiègne CEDEX;France;4367
Université d'Artois;;Université;public;http://www,univ-artois,fr/;50,2847,2,79112;50.2847;2.79112;https://www,wikidata,org/entity/Q475504;15/11/1991;D062;Pas-de-Calais;62030;Arras CEDEX;France;11888
Université Clermont Auvergne;;Université;public;;45,77056,3,08791;45.7705;3.08791;https://www,wikidata,org/entity/Q1319786;09/12/2020;D063;Puy-de-Dôme;63001;Clermont-Ferrand CEDEX 1;France;32741
École nationale supérieure d'architecture de Clermont-Ferrand;ENSACF;École;public;http://www,clermont-fd,archi,fr/;45,80157,3,10341;45.8015;3.10341;https://www,wikidata,org/entity/Q3578176;;D063;Puy-de-Dôme;63100;Clermont-Ferrand;France;
Université de Pau et des Pays de l'Adour;;Université;public;https://www,univ-pau,fr/;43,31372,-0,36509;43.3137;-0.36509;https://www,wikidata,org/entity/Q572968;01/01/1971;D064;Pyrénées-Atlantiques;64012;Pau CEDEX;France;12108
École supérieure des technologies industrielles avancées;ESTIA;École;privé;http://www,estia,fr/;43,44613,-1,55395;43.4461;-1.55395;https://www,wikidata,org/entity/Q3578510;1996;D064;Pyrénées-Atlantiques;64210;Bidart;France;
Université de technologie Tarbes Occitanie Pyrénées;;École;public;;43,225181,0,05325;43.2251;0.05325;;27/11/2023;D065;Hautes-Pyrénées;65016;Tarbes CEDEX;France;
Université de Perpignan Via Domitia;;Université;public;https://www,univ-perp,fr/;42,6844,2,89854;42.6844;2.89854;https://www,wikidata,org/entity/Q304872;01/10/1979;D066;Pyrénées-Orientales;66860;Perpignan CEDEX 9;France;8038
Institut national du service public;;École;public;https://insp,gouv,fr/;48,581336,7,737568;48.5813;7.737568;https://www,wikidata,org/entity/Q109039648;03/12/2021;D067;Bas-Rhin;67000;Strasbourg;France;
École nationale du génie de l'eau et de l'environnement de Strasbourg;;École;public;https://engees,unistra,fr/;48,580797,7,758744;48.5807;7.758744;https://www,wikidata,org/entity/Q3578160;1952;D067;Bas-Rhin;67000;Strasbourg;France;
École nationale supérieure d'architecture de Strasbourg;ENSAS;École;public;http://www,strasbourg,archi,fr/;48,58582,7,73711;48.5858;7.73711;https://www,wikidata,org/entity/Q3578190;1922;D067;Bas-Rhin;67068;STRASBOURG CEDEX;France;
Université de Strasbourg;;Université;public;http://www,unistra,fr/;48,57872,7,76465;48.5787;7.76465;https://www,wikidata,org/entity/Q157575;01/01/2009;D067;Bas-Rhin;67081;Strasbourg CEDEX;France;50832
Institut national des sciences appliquées de Strasbourg;INSA de Strasbourg;École;public;https://www,insa-strasbourg,fr/fr/;48,582266,7,764893;48.5822;7.764893;https://www,wikidata,org/entity/Q521036;05/03/2003;D067;Bas-Rhin;67084;Strasbourg CEDEX;France;2007
Université de Haute-Alsace;;Université;public;https://www,uha,fr/;47,7323,7,31485;47.7323;7.31485;https://www,wikidata,org/entity/Q280183;10/10/1975;D068;Haut-Rhin;68093;Mulhouse CEDEX;France;9745
Institut catholique de Lyon;UCLY;École;privé;http://www,ucly,fr/;45,74658,4,82637;45.7465;4.82637;https://www,wikidata,org/entity/Q8618;1875;D069;Rhône;69002;Lyon;France;
Sciences Po Lyon;IEP de Lyon;Autre établissement;public;https://www,sciencespo-lyon,fr/;45,7471,4,8354;45.7471;4.8354;https://www,wikidata,org/entity/Q2253344;06/05/1948;D069;Rhône;69007;Lyon;France;1726
Institut textile et chimique;ITECH;École;privé;http://www,itech,fr/;45,7860356236494,4,767680168151856;45.7860;4.76768016815185;https://www,wikidata,org/entity/Q3152645;1988;D069;Rhône;69134;Écully CEDEX;France;
Centrale Lyon;EC Lyon;École;public;https://www,ec-lyon,fr/;45,78299,4,76927;45.7829;4.76927;https://www,wikidata,org/entity/Q10177;1857;D069;Rhône;69134;Écully CEDEX;France;2920
École nationale des travaux publics de l'État;;École;public;http://www,entpe,fr/;45,77840382390363,4,92339849472046;45.7784;4.92339849472046;https://www,wikidata,org/entity/Q3578157;1954;D069;Rhône;69256;Vaulx-en-Velin CEDEX;France;
Vet Agro Sup;Vet Agro Sup;Grand établissement;public;http://www,vetagro-sup,fr/;45,793314788437215,4,711171388626099;45.7933;4.71117138862609;https://www,wikidata,org/entity/Q3151920;01/01/2010;D069;Rhône;69280;Marcy-l'Étoile;France;
École catholique des arts et métiers;ECAM Lasalle;École;privé;http://www,ecam,fr/;45,76391,4,82518;45.7639;4.82518;https://www,wikidata,org/entity/Q3577727;01/01/1900;D069;Rhône;69321;Lyon CEDEX 05;France;
École nationale supérieure des arts et techniques du théâtre;;École;public;http://www,ensatt,fr/;45,75331,4,81132;45.7533;4.81132;https://www,wikidata,org/entity/Q3578242;15/04/1941;D069;Rhône;69322;Lyon CEDEX 05;France;203
École normale supérieure de Lyon;ENS de Lyon;École;public;http://www,ens-lyon,eu/;45,7337,4,83376;45.7337;4.83376;https://www,wikidata,org/entity/Q10159;01/01/2010;D069;Rhône;69342;Lyon CEDEX 07;France;2297
Institut supérieur d’agriculture Rhône-Alpes;Isara-Lyon;École;privé;https://www,isara,fr/;45,727895,4,836377;45.7278;4.836377;https://www,wikidata,org/entity/Q3152527;1968;D069;Rhône;69364;LYON CEDEX 07;France;
Université Lumière - Lyon 2;Lyon II;Université;public;http://www,univ-lyon2,fr/;45,75061375319093,4,837181568145753;45.7506;4.83718156814575;https://www,wikidata,org/entity/Q4041;28/07/1973;D069;Rhône;69365;Lyon Cedex 07;France;25268
Université Jean Moulin - Lyon 3;Lyon III;Université;public;http://www,univ-lyon3,fr/;45,747027,4,860547;45.7470;4.860547;https://www,wikidata,org/entity/Q4027;28/07/1973;D069;Rhône;69372;Lyon CEDEX 08;France;25035
École supérieure de chimie physique électronique de Lyon;CPE Lyon;École;privé;http://www,cpe,fr/;45,78415,4,868928;45.7841;4.868928;https://www,wikidata,org/entity/Q10178;1994;D069;Rhône;69616;Villeurbanne CEDEX;France;
Institut national des sciences appliquées de Lyon;INSA de Lyon;École;public;http://www,insa-lyon,fr/;45,78262388935692,4,878010153770448;45.7826;4.87801015377044;https://www,wikidata,org/entity/Q1633859;12/11/1957;D069;Rhône;69621;Villeurbanne Cedex;France;6067
Université Claude Bernard - Lyon 1;Lyon I;Université;public;https://www,univ-lyon1,fr/;45,77962,4,86518;45.7796;4.86518;https://www,wikidata,org/entity/Q4032;01/01/1971;D069;Rhône;69622;VilleurbanneCEDEX;France;39542
École nationale supérieure des sciences de l'information et des bibliothèques;;Grand établissement;public;https://www,enssib,fr/;45,7803,4,86229;45.7803;4.86229;https://www,wikidata,org/entity/Q2791269;13/01/1992;D069;Rhône;69623;Villeurbanne CEDEX;France;247
ISMANS;;École;privé;https://ismans,cesi,fr/;48,019687,0,157589;48.0196;0.157589;https://www,wikidata,org/entity/Q3152596;04/03/1987;D072;Sarthe;72000;Le Mans;France;
Le Mans Université;;Université;public;http://www,univ-lemans,fr/;48,0148,0,159251;48.0148;0.159251;https://www,wikidata,org/entity/Q834825;01/10/1977;D072;Sarthe;72085;Le Mans CEDEX 9;France;9823
Université Savoie Mont Blanc;;Université;public;https://www,univ-smb,fr/;45,56676,5,9175;45.5667;5.9175;https://www,wikidata,org/entity/Q2496158;01/10/1979;D073;Savoie;73000;Chambéry;France;13505
Institut national du patrimoine;;École;public;http://www,inp,fr/;48,86661,2,33907;48.8666;2.33907;https://www,wikidata,org/entity/Q3152445;18/05/1990;D075;Paris;75002;PARIS;France;
Institut national d'histoire de l'art;;Grand établissement;public;https://www,inha,fr/fr/;48,866499,2,338842;48.8664;2.338842;https://www,wikidata,org/entity/Q3152376;15/07/2001;D075;Paris;75002;Paris;France;
IAE Paris - Sorbonne Business School;IAE de Paris;École;public;http://www,iae-paris,com/;48,83839,2,348565;48.8383;2.348565;https://www,wikidata,org/entity/Q3151899;01/01/1956;D075;Paris;75005;Paris;France;2001
Université Paris-Panthéon-Assas;Panthéon-Assas;Université;public;http://www,assas-universite,fr/;48,846806,2,344888;48.8468;2.344888;https://www,wikidata,org/entity/Q662976;29/12/2021;D075;Paris;75005;Paris;France;21695
École supérieure d'informatique électronique automatique;;École;privé;https://www,esiea,fr/;48,83788,2,352616;48.8378;2.352616;https://www,wikidata,org/entity/Q3578402;1958;D075;Paris;75005;Paris;France;
Muséum national d'histoire naturelle;;Grand établissement;public;http://www,mnhn,fr/fr;48,84202,2,35616;48.8420;2.35616;https://www,wikidata,org/entity/Q838691;1793;D075;Paris;75005;PARIS;France;420
Université Paris Cité;UP Cité;Université;public;https://u-paris,fr/;48,851906,2,340105;48.8519;2.340105;https://www,wikidata,org/entity/Q55849612;22/03/2019;D075;Paris;75006;Paris;France;58242
Université Paris sciences et lettres;Université PSL;Grand établissement;public;https://www,psl,eu/;48,85464,2,33785;48.8546;2.33785;https://www,wikidata,org/entity/Q1163431;07/11/2019;D075;Paris;75006;Paris;France;17959
École des hautes études en sciences sociales;;Grand établissement;public;https://www,ehess,fr/fr;48,850176,2,326849;48.8501;2.326849;https://www,wikidata,org/entity/Q273518;23/01/1975;D075;Paris;75006;PARIS;France;2613
École nationale supérieure d'architecture de Paris-Malaquais;ENSAPM;École;public;http://paris-malaquais,archi,fr/;48,85669993265381,2,3335433006286626;48.8566;2.33354330062866;https://www,wikidata,org/entity/Q3578184;2001-01;D075;Paris;75006;Paris;France;
Institut supérieur d'électronique de Paris;;École;privé;https://www,isep,fr/;48,84531,2,32804;48.8453;2.32804;https://www,wikidata,org/entity/Q3152556;1955;D075;Paris;75006;Paris;France;
Sorbonne Université;Sorbonne U;Université;public;https://www,sorbonne-universite,fr/;48,85114773764701,2,3403829336166386;48.8511;2.34038293361663;https://www,wikidata,org/entity/Q41497113;01/01/2018;D075;Paris;75006;PARIS;France;49020
IPAG Business School;;École;privé;https://www,ipag,fr/;48,85497,2,331248;48.8549;2.331248;https://www,wikidata,org/entity/Q24928475;1965;D075;Paris;75006;PARIS;France;
Groupe Institut catholique d'arts et métiers;Groupe ICAM;École;privé;https://www,icam,fr/;48,87961,2,328815;48.8796;2.328815;https://www,wikidata,org/entity/Q3151859;1898;D075;Paris;75009;Paris;France;
École nationale supérieure de création industrielle - Les Ateliers;Ensci-Les Ateliers;École;public;https://www,ensci,com/2017-2018-ensci-les-ateliers/;48,8584,2,36934;48.8584;2.36934;https://www,wikidata,org/entity/Q870925;08/11/1982;D075;Paris;75011;PARIS;France;
Institut national du sport, de l'expertise et de la performance;;Grand établissement;public;https://www,insep,fr/fr;48,833495221568754,2,454103231430054;48.8334;2.45410323143005;https://www,wikidata,org/entity/Q3152447;1975;D075;Paris;75012;Paris;France;
Université Sorbonne Nouvelle - Paris 3;Paris III;Université;public;http://www,univ-paris3,fr/;48,844881806752355,2,39701509475708;48.8448;2.39701509475708;https://www,wikidata,org/entity/Q571293;01/01/1971;D075;Paris;75012;Paris;France;14995
Arts et Métiers Sciences et Technologies;Arts et Métiers;Grand établissement;public;https://artsetmetiers,fr/;48,83357,2,35831;48.8335;2.35831;https://www,wikidata,org/entity/Q2570220;1780;D075;Paris;75013;Paris;France;5830
Institut français de la mode;;École;privé;https://www,ifmparis,fr/;48,84062,2,36998;48.8406;2.36998;https://www,wikidata,org/entity/Q3152284;1986;D075;Paris;75013;PARIS;France;
Institut protestant de théologie;IPT;École;privé;http://www,iptheologie,fr/index,php;48,834229,2,337221;48.8342;2.337221;https://www,wikidata,org/entity/Q3064314;1877;D075;Paris;75014;Paris;France;
École spéciale d'architecture;;École;privé;http://www,esa-paris,fr/;48,837534,2,330967;48.8375;2.330967;https://www,wikidata,org/entity/Q1140013;1865;D075;Paris;75014;Paris;France;
Facultés Libres de Philosophie et de Psychologie;IPC;École;privé;http://www,ipc-paris,fr/;48,838,2,33569;48.838;2.33569;https://www,wikidata,org/entity/Q3146792;01/01/1969;D075;Paris;75014;Paris;France;
ESCP Business School;;École;privé;;48,842394,2,317575;48.8423;2.317575;https://www,wikidata,org/entity/Q29293;1819;D075;Paris;75015;Paris;France;
École centrale d'électronique;ECE;École;privé;https://www,ece,fr/ecole-ingenieur/;48,85152,2,28683;48.8515;2.28683;https://www,wikidata,org/entity/Q3577731;1909;D075;Paris;75015;Paris;France;
Institut national d'enseignement supérieur pour l'agriculture, l'alimentation et l'environnement;Institut Agro;Grand établissement;public;https://www,institut-agro,fr/;48,86275,2,28215;48.8627;2.28215;https://www,wikidata,org/entity/Q81433122;28/12/2019;D075;Paris;75016;Paris;France;
École nationale supérieure d'architecture de Paris-La Villette;ENSAPLV;École;public;http://www,paris-lavillette,archi,fr/;48,89325,2,38192;48.8932;2.38192;https://www,wikidata,org/entity/Q3578185;;D075;Paris;75019;PARIS;France;
École nationale supérieure d'architecture de Paris-Belleville;ENSAPB;École;public;http://www,paris-belleville,archi,fr/;48,87529688720956,2,3746132850646977;48.8752;2.37461328506469;https://www,wikidata,org/entity/Q3578187;1969;D075;Paris;75019;Paris;France;
École française d'Extrême-Orient;;Autre établissement;public;https://www,efeo,fr/;48,86451,2,2922;48.8645;2.2922;https://www,wikidata,org/entity/Q273559;1898;D075;Paris;75116;Paris;France;
Conservatoire national des arts et métiers;;Grand établissement;public;http://www,cnam,fr/;48,86675796735145,2,3554462194442753;48.8667;2.35544621944427;https://www,wikidata,org/entity/Q524289;1794;D075;Paris;75141;Paris Cedex 03;France;
Institut national des langues et civilisations orientales;INALCO;Grand établissement;public;http://www,inalco,fr/;48,82725533443922,2,376024127006531;48.8272;2.37602412700653;https://www,wikidata,org/entity/Q1430113;1669;D075;Paris;75214;Paris CEDEX 13;France;5548
Collège de France;;Grand établissement;public;https://www,college-de-france,fr/;48,84879,2,34534;48.8487;2.34534;https://www,wikidata,org/entity/Q202660;1530;D075;Paris;75231;Paris CEDEX 05;France;
Université Paris 1 - Panthéon Sorbonne;Paris 1;Université;public;http://www,univ-paris1,fr/;48,8468,2,34488;48.8468;2.34488;https://www,wikidata,org/entity/Q999763;01/01/1971;D075;Paris;75231;Paris CEDEX 05;France;39285
École nationale supérieure des arts décoratifs;ÉnsAD-Paris;École;public;https://www,ensad,fr/;48,84278,2,34466;48.8427;2.34466;https://www,wikidata,org/entity/Q1135990;;D075;Paris;75240;PARIS CEDEX 05;France;
Institut catholique de Paris;;École;privé;https://www,icp,fr/;48,8483,2,32936;48.8483;2.32936;https://www,wikidata,org/entity/Q1470431;1875;D075;Paris;75270;Paris CEDEX 06;France;
Sciences Po;IEP de Paris;Grand établissement;public;https://www,sciencespo,fr/;48,85412,2,32842;48.8541;2.32842;https://www,wikidata,org/entity/Q859363;1945-10;D075;Paris;75337;Paris CEDEX 07;France;10970
Institut supérieur du commerce de Paris;ISC Paris Business School;École;privé;https://iscparis,com/;48,892604,2,301231;48.8926;2.301231;https://www,wikidata,org/entity/Q1665124;1963;D075;Paris;75848;Paris CEDEX 17;France;
Université Le Havre Normandie;;Université;public;https://www,univ-lehavre,fr/;49,49647,0,12896;49.4964;0.12896;https://www,wikidata,org/entity/Q1784954;29/08/1984;D076;Seine-Maritime;76063;Le Havre CEDEX;France;6713
Neoma Business School;Neoma BS;École;privé;https://www,neoma-bs,fr/;49,4631,1,063824;49.4631;1.063824;https://www,wikidata,org/entity/Q16665962;10/09/2013;D076;Seine-Maritime;76130;Mont Saint Aignan;France;
École nationale supérieure d'architecture de Normandie;Ensa de Normandie;École;public;http://www,rouen,archi,fr/;49,43767,1,1373;49.4376;1.1373;https://www,wikidata,org/entity/Q3578182;;D076;Seine-Maritime;76161;DARNETAL CEDEX;France;
École nationale supérieure maritime;;Grand établissement;public;https://www,supmaritime,fr/;49,48841,0,12238;49.4884;0.12238;https://www,wikidata,org/entity/Q3578264;01/10/2010;D076;Seine-Maritime;76600;Le Havre;France;
École de management de Normandie;EM Normandie;École;privé;https://www,em-normandie,com/fr;49,48939,0,12522;49.4893;0.12522;https://www,wikidata,org/entity/Q3577891;1871;D076;Seine-Maritime;76600;Le Havre;France;
École supérieure d'ingénieurs en génie électrique;ESIGELEC;École;privé;https://www,esigelec,fr/fr;49,38364,1,07715;49.3836;1.07715;https://www,wikidata,org/entity/Q17672767;1901;D076;Seine-Maritime;76801;Saint-Étienne-du-Rouvray;France;
Institut national des sciences appliquées de Rouen Normandie;INSA de Rouen Normandie;École;public;https://www,insa-rouen,fr/;49,3852,1,06839;49.3852;1.06839;https://www,wikidata,org/entity/Q1665112;1985;D076;Seine-Maritime;76801;Saint-Étienne-du-Rouvray CEDEX;France;2003
Université de Rouen Normandie;;Université;public;https://www,univ-rouen,fr/;49,4583,1,06895;49.4583;1.06895;https://www,wikidata,org/entity/Q494247;01/01/1971;D076;Seine-Maritime;76821;Mont-Saint-Aignan CEDEX;France;31754
Institut européen d'administration des affaires;;École;privé;;48,4054,2,68529;48.4054;2.68529;https://www,wikidata,org/entity/Q1136829;1957;D077;Seine-et-Marne;77305;Fontainebleau;France;
Université Gustave Eiffel;;Université;public;https://www,univ-gustave-eiffel,fr/;48,83915,2,58747;48.8391;2.58747;https://www,wikidata,org/entity/Q65153823;01/01/2020;D077;Seine-et-Marne;77420;Champs-sur-Marne;France;15057
École nationale des ponts et chaussées;;Grand établissement;public;https://www,ecoledesponts,fr/;48,8411,2,58822;48.8411;2.58822;https://www,wikidata,org/entity/Q273523;1747;D077;Seine-et-Marne;77455;Marne-la-Vallée CEDEX 2;France;
École nationale des sciences géographiques;ENSG-Géomatique;École;public;http://www,ensg,eu/;48,84105,2,58736;48.8410;2.58736;https://www,wikidata,org/entity/Q3578152;01/01/1941;D077;Seine-et-Marne;77455;Marne la Vallée CEDEX 2;France;
École nationale supérieure de paysage;ENSP;École;public;http://www,ecole-paysage,fr/site/ensp_fr/index,htm;48,799059,2,123464;48.7990;2.123464;https://www,wikidata,org/entity/Q3578260;1976;D078;Yvelines;78000;VERSAILLES;France;
École nationale supérieure d’architecture de Versailles;ENSA-V;École;public;http://www,versailles,archi,fr/;48,8008,2,12753;48.8008;2.12753;https://www,wikidata,org/entity/Q1050988;1969;D078;Yvelines;78006;VERSAILLES CEDEX;France;
Université de Versailles Saint-Quentin-en-Yvelines;UVSQ;Université;public;http://www,uvsq,fr/;48,79959,2,14159;48.7995;2.14159;https://www,wikidata,org/entity/Q186638;22/07/1991;D078;Yvelines;78035;Versailles CEDEX;France;13269
École supérieure des techniques aéronautiques et de construction automobile;ESTACA;École;privé;http://www,estaca,fr/;48,787656,2,041412;48.7876;2.041412;https://www,wikidata,org/entity/Q3578506;1925;D078;Yvelines;78066;Montigny-le-Bretonneux;France;
École des hautes études commerciales de Paris;HEC Paris;École;privé;https://www,hec,edu/fr;48,75673,2,16757;48.7567;2.16757;https://www,wikidata,org/entity/Q273535;1881;D078;Yvelines;78351;Jouy-en-Josas CEDEX;France;
Université de Picardie Jules-Verne;;Université;public;https://www,u-picardie,fr/;49,87584,2,26446;49.8758;2.26446;https://www,wikidata,org/entity/Q947747;01/01/1971;D080;Somme;80025;AMIENS CEDEX 1;France;27267
Institut national universitaire Jean-François Champollion;INU Albi;Autre établissement;public;https://www,univ-jfc,fr/;43,92,2,139;43.92;2.139;https://www,wikidata,org/entity/Q929515;18/04/2002;D081;Tarn;81012;Albi CEDEX 9;France;3667
ISEN Yncréa Méditerranée;Yncréa Méditerranée;École;privé;http://www,yncrea-mediterranee,fr/;43,12073,5,93921;43.1207;5.93921;https://www,wikidata,org/entity/Q51652036;;D083;Var;83000;Toulon;France;
Université de Toulon;Université Toulon;Université;public;http://www,univ-tln,fr/;43,1369,6,01684;43.1369;6.01684;https://www,wikidata,org/entity/Q1816857;01/10/1979;D083;Var;83041;TOULON CEDEX 9;France;10010
Avignon Université;;Université;public;https://univ-avignon,fr/;43,95005,4,81789;43.9500;4.81789;https://www,wikidata,org/entity/Q2033119;26/07/1984;D084;Vaucluse;84029;Avignon CEDEX 1;France;6346
Institut catholique de Vendée;ICES;École;privé;https://ices,fr/;46,67251,-1,41955;46.6725;-1.41955;https://www,wikidata,org/entity/Q3151861;01/01/1990;D085;Vendée;85017;La Roche-sur-Yon CEDEX;France;
Université de Poitiers;Université Poitiers;Université;public;https://www,univ-poitiers,fr/;46,58596,0,34601;46.5859;0.34601;https://www,wikidata,org/entity/Q661056;1431;D086;Vienne;86073;Poitiers CEDEX 9;France;27193
École nationale supérieure de mécanique et d'aérotechnique de Poitiers;;École;public;https://www,ensma,fr/;46,661,0,362013;46.661;0.362013;https://www,wikidata,org/entity/Q391044;03/04/1948;D086;Vienne;86961;Futuroscope Chasseneuil CEDEX;France;768
Institut d'ingénierie informatique de Limoges;3IL;École;privé;https://www,3il-ingenieurs,fr/;45,81879933351791,1,2718766927719118;45.8187;1.27187669277191;https://www,wikidata,org/entity/Q3151931;06/01/1987;D087;Haute-Vienne;87015;Limoges;France;
Université de Limoges;;Université;public;https://www,unilim,fr/;45,82604,1,25853;45.8260;1.25853;https://www,wikidata,org/entity/Q2661290;01/01/1971;D087;Haute-Vienne;87032;Limoges CEDEX 01;France;16096
École supérieure des technologies et des affaires de Belfort;ESTA Belfort;École;privé;https://www,esta-groupe,fr/;47,6403207998,6,86085341826;47.6403;6.86085341826;https://www,wikidata,org/entity/Q3578507;1986-09;D090;Territoire de Belfort;90004;BELFORT CEDEX;France;
Université de technologie de Belfort-Montbéliard;;École;public;http://www,utbm,fr/;47,5871,6,86586;47.5871;6.86586;https://www,wikidata,org/entity/Q2399264;16/01/1999;D090;Territoire de Belfort;90010;Belfort Cedex;France;2455
Université d'Évry-Val-d'Essonne;;Université;public;https://www,univ-evry,fr/;48,62425,2,42738;48.6242;2.42738;https://www,wikidata,org/entity/Q1531014;26/07/1991;D091;Essonne;91000;Évry-Courcouronnes;France;6328
École nationale supérieure d'informatique pour l'industrie et l'entreprise;;École;public;https://www,ensiie,fr/;48,6262,2,43202;48.6262;2.43202;https://www,wikidata,org/entity/Q3578204;01/08/2006;D091;Essonne;91025;Évry-Courcouronnes Cedex;France;516
Institut Mines-Télécom, au périmètre des écoles IMT Atlantique, Lille Douai, Albi, Alès, Mines Saint-Étienne et Institut Mines-Télécom Business school;;Grand établissement;public;https://www,imt,fr/;48,7132,2,19972;48.7132;2.19972;https://www,wikidata,org/entity/Q7885718;01/03/2012;D091;Essonne;91120;Palaiseau;France;
Institut polytechnique de Paris;IP Paris;École;public;https://www,ip-paris,fr/;48,71317,2,21022;48.7131;2.21022;https://www,wikidata,org/entity/Q48759778;03/06/2019;D091;Essonne;91128;Palaiseau CEDEX;France;
Université Paris-Saclay;;Université;public;https://www,universite-paris-saclay,fr/;48,709629,2,170077;48.7096;2.170077;https://www,wikidata,org/entity/Q109409389;07/11/2019;D091;Essonne;91190;Gif-sur-Yvette;France;46798
Institut national des sciences et techniques nucléaires;INSTN;École;public;http://www-instn,cea,fr/;48,723847,2,153444;48.7238;2.153444;https://www,wikidata,org/entity/Q3152438;1956;D091;Essonne;91191;GIF SUR YVETTE CEDEX;France;
Université Paris Nanterre;Paris Nanterre;Université;public;https://www,parisnanterre,fr/;48,90329925253182,2,213155031204224;48.9032;2.21315503120422;https://www,wikidata,org/entity/Q1394262;01/01/1971;D092;Hauts-de-Seine;92001;Nanterre CEDEX;France;30613
CESI;;École;privé;https://www,cesi,fr/;48,88976,2,24012;48.8897;2.24012;https://www,wikidata,org/entity/Q30255548;09/11/1958;D092;Hauts-de-Seine;92074;Paris La Défense;France;
Institut national supérieur de formation et de recherche pour l'éducation inclusive;INSEI;École;public;http://www,inshea,fr/;48,86853,2,21315;48.8685;2.21315;https://www,wikidata,org/entity/Q3152454;01/01/2006;D092;Hauts-de-Seine;92150;Suresnes;France;296
École supérieure de fonderie et de forge;ESFF;École;privé;http://www,esff,fr/;48,822532,2,224391;48.8225;2.224391;https://www,wikidata,org/entity/Q3578445;01/01/1923;D092;Hauts-de-Seine;92310;SEVRES;France;
École nationale supérieure du pétrole et des moteurs;IFP school;École;public;https://www,ifp-school,com/;48,877622,2,172404;48.8776;2.172404;https://www,wikidata,org/entity/Q2732297;13/10/1954;D092;Hauts-de-Seine;92852;RUEIL MALMAISON CEDEX;France;
ESIEE Paris;;École;privé;https://www,esiee,fr/;48,83999,2,58392;48.8399;2.58392;https://www,wikidata,org/entity/Q3046118;01/03/1968;D093;Seine-Saint-Denis;93162;Noisy-le-Grand CEDEX;France;
Université Paris 8 - Vincennes - Saint-Denis;Paris VIII;Université;public;http://www,univ-paris8,fr/;48,94546189184585,2,3625862598419194;48.9454;2.36258625984191;https://www,wikidata,org/entity/Q1194988;01/01/1971;D093;Seine-Saint-Denis;93200;Saint-Denis;France;21872
École nationale supérieure Louis Lumière;ENS Louis Lumière;École;public;http://www,ens-louis-lumiere,fr/;48,922189,2,335657;48.9221;2.335657;https://www,wikidata,org/entity/Q273466;1926;D093;Seine-Saint-Denis;93200;Saint-Denis;France;144
ISAE-Supméca;;École;public;http://www,supmeca,fr/;48,9198,2,33287;48.9198;2.33287;https://www,wikidata,org/entity/Q1267711;11/10/1990;D093;Seine-Saint-Denis;93400;Saint-Ouen-sur-Seine;France;594
Université Sorbonne Paris Nord;;Université;public;http://www,univ-paris13,fr/;48,95793,2,34071;48.9579;2.34071;https://www,wikidata,org/entity/Q1780212;01/01/1971;D093;Seine-Saint-Denis;93430;Villetaneuse;France;21942
Université Paris-Est Créteil;;Université;public;https://www,u-pec,fr/;48,78852,2,4437;48.7885;2.4437;https://www,wikidata,org/entity/Q980688;01/01/1971;D094;Val-de-Marne;94010;Créteil CEDEX;France;36957
École spéciale de mécanique et d'électricité;ESME Sudria;École;privé;https://www,esme,fr/;48,81413,2,392969;48.8141;2.392969;https://www,wikidata,org/entity/Q1572655;1905;D094;Val-de-Marne;94200;IVRY SUR SEINE;France;
Institut polytechnique des sciences avancées;IPSA;École;privé;https://www,ipsa,fr/;48,814007,2,393909;48.8140;2.393909;https://www,wikidata,org/entity/Q183213;01/09/1963;D094;Val-de-Marne;94200;IVRY SUR SEINE;France;
EPF - École d'ingénieurs;EPF;École;privé;http://www,epf,fr/;48,79218,2,329213;48.7921;2.329213;https://www,wikidata,org/entity/Q3046044;1925;D094;Val-de-Marne;94230;Cachan;France;
École spéciale des travaux publics, du bâtiment et de l'industrie;ESTP;École;privé;http://www,estp,fr/;48,79422078629043,2,328532934188843;48.7942;2.32853293418884;https://www,wikidata,org/entity/Q273483;1891;D094;Val-de-Marne;94230;Cachan;France;
École supérieure d'ingénieurs des travaux de la construction de Paris;ESITC Paris;École;privé;https://www,esitc-paris,fr/fr;48,80497,2,3256;48.8049;2.3256;https://www,wikidata,org/entity/Q3578412;1992;D094;Val-de-Marne;94234;Arcueil CEDEX;France;
École pour l'informatique et les techniques avancées;EPITA;École;privé;https://www,epita,fr/;48,815598,2,362943;48.8155;2.362943;https://www,wikidata,org/entity/Q1702850;1984;D094;Val-de-Marne;94276;LE KREMLIN BICETRE CEDEX;France;
École nationale vétérinaire d'Alfort;;École;public;https://www,vet-alfort,fr/;48,81474,2,42152;48.8147;2.42152;https://www,wikidata,org/entity/Q273600;1765;D094;Val-de-Marne;94700;Maisons-Alfort CEDEX;France;
Institut Sup'Biotech de Paris;Sup'Biotech;École;privé;https://www,supbiotech,fr/;48,798078,2,35715;48.7980;2.35715;https://www,wikidata,org/entity/Q1822570;2003;D094;Val-de-Marne;94800;Villejuif;France;
CY Cergy Paris Université;;Université;public;https://www,cyu,fr/;49,03889,2,07415;49.0388;2.07415;https://www,wikidata,org/entity/Q74452784;01/11/2019;D095;Val-d'Oise;95011;Cergy-Pontoise CEDEX;France;23569
École nationale supérieure de l'électronique et de ses applications de Cergy;;École;public;https://www,ensea,fr/fr;49,03937306943779,2,0727896690368657;49.0393;2.07278966903686;https://www,wikidata,org/entity/Q2707341;1975;D095;Val-d'Oise;95014;Cergy Pontoise CEDEX;France;840
École supérieure des sciences économiques et commerciales;;École;privé;https://www,essec,edu/fr/;49,03397,2,078427;49.0339;2.078427;https://www,wikidata,org/entity/Q273642;1907;D095;Val-d'Oise;95021;CERGY PONTOISE CEDEX;France;
ECAM-EPMI;ECAM-EPMI;École;privé;https://www,ecam-epmi,fr/;49,031763,2,074459;49.0317;2.074459;https://www,wikidata,org/entity/Q3577775;1992;D095;Val-d'Oise;95092;Cergy-Pontoise CEDEX;France;
École de biologie industrielle;EBI;École;privé;https://ebi-edu,com/fr/;49,032934,2,065594;49.0329;2.065594;https://www,wikidata,org/entity/Q3577829;1992;D095;Val-d'Oise;95094;Cergy Pontoise CEDEX;France;
ESIEE-IT;;École;privé;https://www,esiee-it,fr/fr;49,043554,2,081926;49.0435;2.081926;;01/09/2020;D095;Val-d'Oise;95300;Pontoise;France;
École d'ingénieurs des sciences aérospatiales;ELISA;École;privé;http://www,elisa-aerospace,fr/;49,849388,3,287172;49.8493;3.287172;https://www,wikidata,org/entity/Q65162999;2009;D002;Aisne;02100;Saint-Quentin;France;
Université Côte d'Azur;;Université;public;https://univ-cotedazur,fr/;43,71693,7,26664;43.7169;7.26664;https://www,wikidata,org/entity/Q80186910;27/07/2019;D006;Alpes-Maritimes;06103;Nice CEDEX 2;France;29817
